{
   "directed": true,
   "multigraph": true,
   "graph": {},
   "nodes": [
      {
         "shpcountry": "Rio Isla",
         "dataset": "MC2",
         "id": "Bah\u00eda del Sol \u041e\u0410\u041e"
      },
      {
         "rcvcountry": "Azurionix",
         "dataset": "MC2",
         "id": "Oc\u00e9ano de Coral Corporation Express"
      },
      {
         "shpcountry": "Oceanus",
         "dataset": "MC2",
         "id": "Oceanic Oracle GmbH & Co. KG"
      },
      {
         "rcvcountry": "Azurionix",
         "dataset": "MC2",
         "id": "SeaLion Marine AG Express"
      },
      {
         "rcvcountry": "Azurionix",
         "dataset": "MC2",
         "id": "Sahara  LLC Co Consultants"
      },
      {
         "shpcountry": "Marebak",
         "dataset": "MC2",
         "id": "b\u00e1i su\u014d w\u011bn l\u00fa AS"
      },
      {
         "rcvcountry": "Azurionix",
         "dataset": "MC2",
         "id": "Bujagali Falls  Pic Family"
      },
      {
         "shpcountry": "Kondanovia",
         "dataset": "MC2",
         "id": "La gan  Ltd. Liability Co"
      },
      {
         "rcvcountry": "Azurionix",
         "dataset": "MC2",
         "id": "Portuguese Tuna Bonito Kga Consultants"
      },
      {
         "shpcountry": "Merigrad",
         "dataset": "MC2",
         "id": "Uttar Pradesh s CJSC"
      },
      {
         "shpcountry": "Riodelsol",
         "dataset": "MC2",
         "id": "Kong zhong diao yu  Sp"
      },
      {
         "rcvcountry": "Oceanus",
         "dataset": "MC2",
         "id": "sh\u00ed r\u00e9n y\u00fa Ltd. Corporation"
      },
      {
         "shpcountry": "Kondanovia",
         "dataset": "MC2",
         "id": "French Crab S.p.A. Worldwide"
      },
      {
         "rcvcountry": "Azurionix",
         "dataset": "MC2",
         "id": "Meghalaya  Marine GmbH & Co. KG Import"
      },
      {
         "shpcountry": "Rio Isla",
         "dataset": "MC2",
         "id": "Selous Game Reserve  A/S"
      },
      {
         "rcvcountry": "Azurionix",
         "dataset": "MC2",
         "id": "Simien Mountains   Company Transport"
      },
      {
         "shpcountry": "Marebak",
         "dataset": "MC2",
         "id": "xi\u01ceo l\u00f3ng xi\u0101 LC"
      },
      {
         "rcvcountry": "Azurionix",
         "dataset": "MC2",
         "id": "Tamil  Nautilus CJSC Consulting"
      },
      {
         "shpcountry": "Rio Isla",
         "dataset": "MC2",
         "id": "Danish Shrimp Kga Solutions"
      },
      {
         "rcvcountry": "Azurionix",
         "dataset": "MC2",
         "id": "0"
      },
      {
         "shpcountry": "Marebak",
         "dataset": "MC2",
         "id": "Karnataka Sea  AG Export"
      },
      {
         "rcvcountry": "Oceanus",
         "dataset": "MC2",
         "id": "Saltwater Sisters Incorporated Delivery"
      },
      {
         "shpcountry": "Rio Isla",
         "dataset": "MC2",
         "id": "Mar de Cristalino Ges.m.b.H."
      },
      {
         "rcvcountry": "Azurionix",
         "dataset": "MC2",
         "id": "Marine Mates NV Worldwide"
      },
      {
         "rcvcountry": "Azurionix",
         "dataset": "MC2",
         "id": "-1"
      },
      {
         "shpcountry": "Marebak",
         "dataset": "MC2",
         "id": "Andhra Pradesh   Limited Liability Company Tilapia"
      },
      {
         "rcvcountry": "Azurionix",
         "dataset": "MC2",
         "id": "-2"
      },
      {
         "shpcountry": "Oceanus",
         "dataset": "MC2",
         "id": "Mar del Caribe Sagl"
      },
      {
         "rcvcountry": "Azurionix",
         "dataset": "MC2",
         "id": "h\u01cei d\u01cen Corporation Wharf"
      },
      {
         "shpcountry": "Alverossia",
         "dataset": "MC2",
         "id": "Coastal Cruisers Pic Shipping"
      },
      {
         "rcvcountry": "Azurionix",
         "dataset": "MC2",
         "id": "Brisa del Mar LC"
      },
      {
         "rcvcountry": "Azurionix",
         "dataset": "MC2",
         "id": "-3"
      },
      {
         "shpcountry": "Sol y Oceana",
         "rcvcountry": "Gavanovia",
         "dataset": "MC2",
         "id": "Estrella de Mar Pic Distribution"
      },
      {
         "shpcountry": "Korvelonia",
         "rcvcountry": "Oceanus",
         "dataset": "MC2",
         "id": "Nile Crocodile  Deep-sea Oyj Brothers"
      },
      {
         "rcvcountry": "Oceanus",
         "dataset": "MC2",
         "id": "Surf's Up  Kga Shipping"
      },
      {
         "shpcountry": "Marebak",
         "dataset": "MC2",
         "id": "Saltwater Solitude Marine biology"
      },
      {
         "rcvcountry": "Azurionix",
         "dataset": "MC2",
         "id": "Ola Marina Company Line"
      },
      {
         "shpcountry": "Sol y Oceana",
         "dataset": "MC2",
         "id": "j\u012bng Coral LLC Carriers"
      },
      {
         "rcvcountry": "Azurionix",
         "dataset": "MC2",
         "id": "Scottish Oysters Tsunami Sp Line"
      },
      {
         "shpcountry": "Marebak",
         "dataset": "MC2",
         "id": "Barents Sea  GmbH Cargo "
      },
      {
         "rcvcountry": "Azurionix",
         "dataset": "MC2",
         "id": "Ancla Azul Transportation Seafaring"
      },
      {
         "rcvcountry": "Azurionix",
         "dataset": "MC2",
         "id": "Black Sea Tuna Sagl"
      },
      {
         "shpcountry": "Coralmarica",
         "dataset": "MC2",
         "id": "Oceanic Oracle GmbH America"
      },
      {
         "rcvcountry": "Azurionix",
         "dataset": "MC2",
         "id": "OceanSavor Seafoam Ltd. Liability Co Transit"
      },
      {
         "shpcountry": "Rio Isla",
         "dataset": "MC2",
         "id": "Isla del Este Kga Tidepool"
      },
      {
         "rcvcountry": "Azurionix",
         "dataset": "MC2",
         "id": "Kong zhong diao yu  Ges.m.b.H."
      },
      {
         "shpcountry": "Rio Isla",
         "dataset": "MC2",
         "id": "Mar de Cristal CJSC"
      },
      {
         "rcvcountry": "Azurionix",
         "dataset": "MC2",
         "id": "William Inc Marine sanctuary"
      },
      {
         "shpcountry": "Rio Isla",
         "dataset": "MC2",
         "id": "West Bengal  SE Family"
      },
      {
         "rcvcountry": "Azurionix",
         "dataset": "MC2",
         "id": "Bah\u00eda del Este SE"
      },
      {
         "shpcountry": "Marebak",
         "dataset": "MC2",
         "id": "Ola de la Costa N.V."
      },
      {
         "rcvcountry": "Azurionix",
         "dataset": "MC2",
         "id": "Punjab Sea  CJSC Estuary"
      },
      {
         "rcvcountry": "Azurionix",
         "dataset": "MC2",
         "id": "Saltwater Supreme \u041e\u0410\u041e Forwading"
      },
      {
         "shpcountry": "Kondanovia",
         "dataset": "MC2",
         "id": "Okavango River  NV Marine life"
      },
      {
         "rcvcountry": "Azurionix",
         "dataset": "MC2",
         "id": "3 Seabreeze Corporation Marine ecology"
      },
      {
         "shpcountry": "Isliandor",
         "dataset": "MC2",
         "id": "x\u00fan y\u00fa S.A. de C.V."
      },
      {
         "rcvcountry": "Azurionix",
         "dataset": "MC2",
         "id": "Black Sea Tuna Snapper"
      },
      {
         "shpcountry": "Mawazam",
         "dataset": "MC2",
         "id": "Bu yu wang NV"
      },
      {
         "rcvcountry": "Azurionix",
         "dataset": "MC2",
         "id": "Sailors and Surfers Incorporated Enterprises"
      },
      {
         "shpcountry": "Utoporiana",
         "dataset": "MC2",
         "id": "Jammu & Kashmir  GmbH & Co. KG and Son's"
      },
      {
         "rcvcountry": "Sol y Oceana",
         "dataset": "MC2",
         "id": "Turkish Sword Investment Catfish"
      },
      {
         "shpcountry": "Marebak",
         "dataset": "MC2",
         "id": "Mar de la Felicidad NV Investment"
      },
      {
         "rcvcountry": "Oceanus",
         "dataset": "MC2",
         "id": "Khundu Whale AG Cargo"
      },
      {
         "shpcountry": "Marebak",
         "dataset": "MC2",
         "id": "Playa de Arena Ltd"
      },
      {
         "rcvcountry": "Azurionix",
         "dataset": "MC2",
         "id": "Chobe River   Distribution Pelican"
      },
      {
         "shpcountry": "Marebak",
         "dataset": "MC2",
         "id": "Jharkhand  Ltd. Liability Co Worldwide"
      },
      {
         "rcvcountry": "Azurionix",
         "dataset": "MC2",
         "id": "-4"
      },
      {
         "shpcountry": "Utoporiana",
         "dataset": "MC2",
         "id": "Whale Ltd. Liability Co"
      },
      {
         "rcvcountry": "Rio Isla",
         "dataset": "MC2",
         "id": "Oceanfront Oases Oyj Sea"
      },
      {
         "shpcountry": "Kondanovia",
         "dataset": "MC2",
         "id": "Mar de Cristalino Beach"
      },
      {
         "rcvcountry": "Azurionix",
         "dataset": "MC2",
         "id": "Marine Mates Cruise ship"
      },
      {
         "shpcountry": "Vesperanda",
         "dataset": "MC2",
         "id": "Mar de la Vida S.p.A."
      },
      {
         "rcvcountry": "Azurionix",
         "dataset": "MC2",
         "id": "Costa de la Felicidad Shipping"
      },
      {
         "rcvcountry": "Azurionix",
         "dataset": "MC2",
         "id": "Coral Cove BV Delivery"
      },
      {
         "shpcountry": "Rio Isla",
         "dataset": "MC2",
         "id": "Madhya Pradesh   Ltd. Corporation"
      },
      {
         "rcvcountry": "Oceanus",
         "dataset": "MC2",
         "id": "ReefRider GmbH & Co. KG"
      },
      {
         "shpcountry": "Osterivaria",
         "dataset": "MC2",
         "id": "Costa de la Felicidad and Sagl Marine"
      },
      {
         "rcvcountry": "Azurionix",
         "dataset": "MC2",
         "id": "Selous Game Reserve  S.A. de C.V."
      },
      {
         "shpcountry": "Marebak",
         "dataset": "MC2",
         "id": "Barents Sea Cod CJSC Export"
      },
      {
         "shpcountry": "Marebak",
         "dataset": "MC2",
         "id": "Maharashtra   Limited Liability Company"
      },
      {
         "shpcountry": "Osterivella",
         "dataset": "MC2",
         "id": "Marine Adventures Seabreeze AS Forwading"
      },
      {
         "shpcountry": "Alverossia",
         "dataset": "MC2",
         "id": "Danish Lobster Kga Motorboat"
      },
      {
         "rcvcountry": "Azurionix",
         "dataset": "MC2",
         "id": "-5"
      },
      {
         "shpcountry": "Marebak",
         "dataset": "MC2",
         "id": "Nile   S.A. de C.V."
      },
      {
         "rcvcountry": "Azurionix",
         "dataset": "MC2",
         "id": "Caracola del Sol Services"
      },
      {
         "shpcountry": "Rio Isla",
         "dataset": "MC2",
         "id": "Ianira Starfish Sagl Import"
      },
      {
         "rcvcountry": "Azurionix",
         "dataset": "MC2",
         "id": "-6"
      },
      {
         "shpcountry": "Marebak",
         "dataset": "MC2",
         "id": "b\u00e1i su\u014d w\u011bn l\u00fa Ltd Cargo"
      },
      {
         "rcvcountry": "Oceanus",
         "dataset": "MC2",
         "id": "Coral Rojo Ltd. Liability Co Express"
      },
      {
         "shpcountry": "Alverossia",
         "dataset": "MC2",
         "id": "Mar de la Vida SRL"
      },
      {
         "rcvcountry": "Oceanus",
         "dataset": "MC2",
         "id": "Drakensberg  S.A. de C.V. Marine ecology"
      },
      {
         "shpcountry": "Merigrad",
         "dataset": "MC2",
         "id": "Playa Azul S.A. de C.V."
      },
      {
         "rcvcountry": "Oceanus",
         "dataset": "MC2",
         "id": "Estrella del Sol Incorporated Aqua"
      },
      {
         "shpcountry": "Marebak",
         "dataset": "MC2",
         "id": "Namib Desert  Ltd. Corporation"
      },
      {
         "shpcountry": "Khamseena",
         "dataset": "MC2",
         "id": "Yu xian  Ltd. Liability Co Freight "
      },
      {
         "rcvcountry": "Azurionix",
         "dataset": "MC2",
         "id": "Mar del Este CJSC"
      },
      {
         "shpcountry": "Alverossia",
         "dataset": "MC2",
         "id": "Zale Limited Liability Company"
      },
      {
         "rcvcountry": "Azurionix",
         "dataset": "MC2",
         "id": "-7"
      },
      {
         "shpcountry": "Sol y Oceana",
         "dataset": "MC2",
         "id": "Kong zhong diao yu  Oyj"
      },
      {
         "rcvcountry": "Azurionix",
         "dataset": "MC2",
         "id": "Saltwater Supreme Pelican Ltd Enterprises"
      },
      {
         "shpcountry": "Islavaria",
         "dataset": "MC2",
         "id": "Chhattisgarh  GmbH & Co. KG Brothers"
      },
      {
         "shpcountry": "Zawalinda",
         "dataset": "MC2",
         "id": "Ola Azul Ges.m.b.H. Services"
      },
      {
         "rcvcountry": "Azurionix",
         "dataset": "MC2",
         "id": "Playa de Coral Distribution Marine sanctuary"
      },
      {
         "rcvcountry": "Azurionix",
         "dataset": "MC2",
         "id": "-8"
      },
      {
         "rcvcountry": "Azurionix",
         "dataset": "MC2",
         "id": "Pao gan SE Seal"
      },
      {
         "shpcountry": "Marebak",
         "dataset": "MC2",
         "id": "Belgian Scallop Harbor \u041e\u0410\u041e Freight "
      },
      {
         "shpcountry": "Brindivaria",
         "dataset": "MC2",
         "id": "Saltwater Serenity Inc Caviar"
      },
      {
         "shpcountry": "Marebak",
         "dataset": "MC2",
         "id": "Tide Turners Ltd Transport"
      },
      {
         "rcvcountry": "Azurionix",
         "dataset": "MC2",
         "id": "N\u00e1utica del Norte LC"
      },
      {
         "shpcountry": "Kethilim",
         "rcvcountry": "Oceanus",
         "dataset": "MC2",
         "id": "Chhattisgarh  A/S & Son's"
      },
      {
         "shpcountry": "Alverossia",
         "dataset": "MC2",
         "id": "The Salty Dog Logistics Leska"
      },
      {
         "rcvcountry": "Azurionix",
         "dataset": "MC2",
         "id": "Sea Breezes GmbH & Co. KG Shark"
      },
      {
         "shpcountry": "Merigrad",
         "dataset": "MC2",
         "id": "SeaSelect Foods Oyj Transport"
      },
      {
         "shpcountry": "Marebak",
         "dataset": "MC2",
         "id": "Seaside Sojourns Creek N.V. Transit"
      },
      {
         "rcvcountry": "Coralmarica",
         "dataset": "MC2",
         "id": "Fisherman's Best Inc Marine"
      },
      {
         "shpcountry": "Marebak",
         "dataset": "MC2",
         "id": "Estrella del Mar Logistics Charter Boat "
      },
      {
         "rcvcountry": "Oceanus",
         "dataset": "MC2",
         "id": "Mar de Estrellas N.V."
      },
      {
         "shpcountry": "Kondanovia",
         "dataset": "MC2",
         "id": "N\u00e1utica del Sol A/S"
      },
      {
         "rcvcountry": "Azurionix",
         "dataset": "MC2",
         "id": "Coral del Sur Ltd. Corporation Investment"
      },
      {
         "shpcountry": "Khamseena",
         "dataset": "MC2",
         "id": "Southeast S.A. de C.V."
      },
      {
         "rcvcountry": "Azurionix",
         "dataset": "MC2",
         "id": "Yu xian  SRL Industrial"
      },
      {
         "shpcountry": "Rio Isla",
         "dataset": "MC2",
         "id": "Lake Tana  N.V. Enterprises"
      },
      {
         "rcvcountry": "Azurionix",
         "dataset": "MC2",
         "id": "-9"
      },
      {
         "rcvcountry": "Azurionix",
         "dataset": "MC2",
         "id": "Lake Chad  Company Ray"
      },
      {
         "shpcountry": "Vesperanda",
         "dataset": "MC2",
         "id": "Turkish Salmon A/S Marine"
      },
      {
         "shpcountry": "Talandria",
         "dataset": "MC2",
         "id": "Bah\u00eda Azul Ltd Holdings"
      },
      {
         "shpcountry": "Kondanovia",
         "dataset": "MC2",
         "id": "Zambezi Valley  Marine biology"
      },
      {
         "shpcountry": "Kondanovia",
         "dataset": "MC2",
         "id": "Himachal Pradesh   Limited Liability Company"
      },
      {
         "rcvcountry": "Azurionix",
         "dataset": "MC2",
         "id": "-10"
      },
      {
         "shpcountry": "Quirinelle",
         "dataset": "MC2",
         "id": "Playa del Tesoro OJSC"
      },
      {
         "rcvcountry": "Oceanus",
         "dataset": "MC2",
         "id": "Fresh Wharf SRL Consulting"
      },
      {
         "shpcountry": "Marebak",
         "dataset": "MC2",
         "id": "David Limited Liability Company Worldwide"
      },
      {
         "rcvcountry": "Azurionix",
         "dataset": "MC2",
         "id": "Saltwater Sisters AS Marine life"
      },
      {
         "shpcountry": "Marebak",
         "dataset": "MC2",
         "id": "Bu yu wang Corporation Marine conservation"
      },
      {
         "rcvcountry": "Oceanus",
         "dataset": "MC2",
         "id": "Uttar Pradesh s Oyj"
      },
      {
         "shpcountry": "Mawazam",
         "dataset": "MC2",
         "id": "Anthony Limited Liability Company"
      },
      {
         "rcvcountry": "Azurionix",
         "dataset": "MC2",
         "id": "Assam  Market N.V. Transit"
      },
      {
         "rcvcountry": "Azurionix",
         "dataset": "MC2",
         "id": "Mar del Placer Limited Liability Company"
      },
      {
         "shpcountry": "Kondanovia",
         "dataset": "MC2",
         "id": "Caracola del Este Plc United"
      },
      {
         "shpcountry": "Marebak",
         "dataset": "MC2",
         "id": "Icelandic Oysters S.A. de C.V. Lighthouse"
      },
      {
         "rcvcountry": "Azurionix",
         "dataset": "MC2",
         "id": "Orange River   Incorporated Shipping"
      },
      {
         "shpcountry": "Kondanovia",
         "dataset": "MC2",
         "id": "Mar del Oeste SE Logistics"
      },
      {
         "rcvcountry": "Azurionix",
         "dataset": "MC2",
         "id": "l\u00fa y\u00fa GmbH & Co. KG"
      },
      {
         "shpcountry": "Utoporiana",
         "dataset": "MC2",
         "id": "Lake Victoria Catch  SE"
      },
      {
         "rcvcountry": "Sol y Oceana",
         "dataset": "MC2",
         "id": "Isla Azul GmbH & Co. KG"
      },
      {
         "shpcountry": "Kondanovia",
         "dataset": "MC2",
         "id": "xi\u01ceo l\u00f3ng xi\u0101 GmbH"
      },
      {
         "rcvcountry": "Azurionix",
         "dataset": "MC2",
         "id": "Olas del Mar Worldwide"
      },
      {
         "shpcountry": "Isliandor",
         "dataset": "MC2",
         "id": "Rajasthan  Market CJSC Tide"
      },
      {
         "shpcountry": "Alverossia",
         "dataset": "MC2",
         "id": "Estrella de Mar Consultants -"
      },
      {
         "rcvcountry": "Azurionix",
         "dataset": "MC2",
         "id": "-11"
      },
      {
         "shpcountry": "Marebak",
         "dataset": "MC2",
         "id": "Jammu Ltd. Liability Co"
      },
      {
         "rcvcountry": "Oceanus",
         "dataset": "MC2",
         "id": "Meghalaya  Ltd. Liability Co Marine conservation"
      },
      {
         "rcvcountry": "Azurionix",
         "dataset": "MC2",
         "id": "TunaTreat Company Marine sanctuary"
      },
      {
         "shpcountry": "Marebak",
         "dataset": "MC2",
         "id": "Maharashtra ers Incorporated Express"
      },
      {
         "rcvcountry": "Coralmarica",
         "dataset": "MC2",
         "id": "Mar de Cristalino Manatee NV Express"
      },
      {
         "shpcountry": "Marebak",
         "dataset": "MC2",
         "id": "Ancla del Este Plc Industrial"
      },
      {
         "rcvcountry": "Oceanus",
         "dataset": "MC2",
         "id": "Fisherman's Pride Hull Ges.m.b.H. United"
      },
      {
         "shpcountry": "Kondanovia",
         "dataset": "MC2",
         "id": "Turkish Calamari AB Marine conservation"
      },
      {
         "shpcountry": "Isliandor",
         "dataset": "MC2",
         "id": "Cameroon Estuary  Co Investment"
      },
      {
         "shpcountry": "Marebak",
         "dataset": "MC2",
         "id": "Atlantic Ocean Coast  _ Ges.m.b.H. Express"
      },
      {
         "rcvcountry": "Azurionix",
         "dataset": "MC2",
         "id": "SilverStream CJSC Marine conservation"
      },
      {
         "shpcountry": "Oceanus",
         "rcvcountry": "Oceanus",
         "dataset": "MC2",
         "id": "Oceanic Explorers Sashimi Inc Solutions"
      },
      {
         "shpcountry": "Kondanovia",
         "dataset": "MC2",
         "id": "Delhi ers Ltd. Liability Co"
      },
      {
         "rcvcountry": "Azurionix",
         "dataset": "MC2",
         "id": "xi\u01ceo l\u00f3ng xi\u0101 Kga"
      },
      {
         "shpcountry": "Marebak",
         "dataset": "MC2",
         "id": "Marine Masterminds Kga Line"
      },
      {
         "rcvcountry": "Oceanus",
         "dataset": "MC2",
         "id": "Belgian Cod BV Solutions"
      },
      {
         "rcvcountry": "Azurionix",
         "dataset": "MC2",
         "id": "David Ltd. Liability Co Forwading"
      },
      {
         "shpcountry": "Utoporiana",
         "dataset": "MC2",
         "id": "Paul AG Marine biology"
      },
      {
         "rcvcountry": "Sol y Oceana",
         "dataset": "MC2",
         "id": "Zambezi River   GmbH Marine"
      },
      {
         "shpcountry": "Marebak",
         "dataset": "MC2",
         "id": "Beach Breakers Ltd Import"
      },
      {
         "rcvcountry": "Azurionix",
         "dataset": "MC2",
         "id": "Jammu & Kashmir Sea  AS Marine"
      },
      {
         "shpcountry": "Icarnia",
         "dataset": "MC2",
         "id": "Dolphin Dreams Corp Tidal"
      },
      {
         "rcvcountry": "Coralmarica",
         "dataset": "MC2",
         "id": "Estrella del Mar Tilapia Oyj Marine"
      },
      {
         "rcvcountry": "Azurionix",
         "dataset": "MC2",
         "id": "Mar del Para\u00edso Corporation Logistics"
      },
      {
         "shpcountry": "Icarnia",
         "rcvcountry": "Azurionix",
         "dataset": "MC2",
         "id": "Ocean Explorers Seagrass Sp Logistics"
      },
      {
         "shpcountry": "Marebak",
         "dataset": "MC2",
         "id": "Zambezi Delta  Limited Liability Company"
      },
      {
         "rcvcountry": "Azurionix",
         "dataset": "MC2",
         "id": "Caracola Azul Oyj &"
      },
      {
         "shpcountry": "Marebak",
         "dataset": "MC2",
         "id": "Surf's Up s Sp"
      },
      {
         "rcvcountry": "Azurionix",
         "dataset": "MC2",
         "id": "Madagascar Coast  AG Freight "
      },
      {
         "rcvcountry": "Azurionix",
         "dataset": "MC2",
         "id": "Nile Crocodile  Sailboat Sp Line"
      },
      {
         "shpcountry": "Alverossia",
         "dataset": "MC2",
         "id": "m\u00e1n y\u00fa AB International"
      },
      {
         "shpcountry": "Merigrad",
         "dataset": "MC2",
         "id": "Wave Watchers Ltd. Liability Co"
      },
      {
         "rcvcountry": "Oceanus",
         "dataset": "MC2",
         "id": "Tamil Nadu s Ltd. Corporation"
      },
      {
         "shpcountry": "Marebak",
         "dataset": "MC2",
         "id": "Icelandic  Limited Liability Company"
      },
      {
         "rcvcountry": "Azurionix",
         "dataset": "MC2",
         "id": "Pao gan LC Freight "
      },
      {
         "shpcountry": "Marebak",
         "dataset": "MC2",
         "id": "Green Valley Sp Current"
      },
      {
         "shpcountry": "Marebak",
         "dataset": "MC2",
         "id": "Madagascar   Ltd. Corporation Express"
      },
      {
         "rcvcountry": "Azurionix",
         "dataset": "MC2",
         "id": "-12"
      },
      {
         "shpcountry": "Alverossia",
         "dataset": "MC2",
         "id": "Ocean Outfitters Limited Liability Company Distribution"
      },
      {
         "shpcountry": "Gavanovia",
         "dataset": "MC2",
         "id": "Telangana  Wakame CJSC United"
      },
      {
         "rcvcountry": "Oceanus",
         "dataset": "MC2",
         "id": "Estrella de Coral AG Worldwide"
      },
      {
         "shpcountry": "Coralmarica",
         "dataset": "MC2",
         "id": "Logistics Ltd. Liability Co"
      },
      {
         "shpcountry": "Kondanovia",
         "dataset": "MC2",
         "id": "Beach Breakers Ltd. Corporation Marine conservation"
      },
      {
         "rcvcountry": "Azurionix",
         "dataset": "MC2",
         "id": "Mar de Estrellas GmbH & Co. KG"
      },
      {
         "shpcountry": "Marebak",
         "dataset": "MC2",
         "id": "Mar Azul Ltd. Liability Co"
      },
      {
         "rcvcountry": "Oceanus",
         "dataset": "MC2",
         "id": "Angrapa Ltd. Liability Co Export"
      },
      {
         "shpcountry": "Marebak",
         "dataset": "MC2",
         "id": "Faroe Islands Halibut Cargo Canal"
      },
      {
         "shpcountry": "Osterivella",
         "dataset": "MC2",
         "id": "LLC S.A. de C.V."
      },
      {
         "rcvcountry": "Oceanus",
         "dataset": "MC2",
         "id": "Balkan Trout AB Cargo"
      }
   ],
   "links": [
      {
         "arrivaldate": "2034-10-20",
         "hscode": 841869,
         "volumeteu": 0.0,
         "weightkg": 15935,
         "generated_by": "herring",
         "dataset": "MC2",
         "source": "Bah\u00eda del Sol \u041e\u0410\u041e",
         "target": "Oc\u00e9ano de Coral Corporation Express"
      },
      {
         "arrivaldate": "2034-07-28",
         "hscode": 320990,
         "valueofgoods_omu": 489215.0,
         "volumeteu": 0.0,
         "weightkg": 17530,
         "generated_by": "herring",
         "dataset": "MC2",
         "source": "Oceanic Oracle GmbH & Co. KG",
         "target": "SeaLion Marine AG Express"
      },
      {
         "arrivaldate": "2034-06-23",
         "hscode": 392690,
         "volumeteu": 0.0,
         "weightkg": 2090,
         "generated_by": "herring",
         "dataset": "MC2",
         "source": "Oceanic Oracle GmbH & Co. KG",
         "target": "Sahara  LLC Co Consultants"
      },
      {
         "arrivaldate": "2034-05-27",
         "hscode": 701090,
         "volumeteu": 5.0,
         "weightkg": 29355,
         "generated_by": "herring",
         "dataset": "MC2",
         "source": "Oceanic Oracle GmbH & Co. KG",
         "target": "Ancla Azul Transportation Seafaring"
      },
      {
         "arrivaldate": "2034-09-13",
         "hscode": 870829,
         "volumeteu": 0.0,
         "weightkg": 4095,
         "generated_by": "herring",
         "dataset": "MC2",
         "source": "b\u00e1i su\u014d w\u011bn l\u00fa AS",
         "target": "Bujagali Falls  Pic Family"
      },
      {
         "arrivaldate": "2034-06-11",
         "hscode": 210390,
         "valueofgoods_omu": 54550.0,
         "volumeteu": 0.0,
         "weightkg": 19390,
         "generated_by": "herring",
         "dataset": "MC2",
         "source": "La gan  Ltd. Liability Co",
         "target": "Portuguese Tuna Bonito Kga Consultants"
      },
      {
         "arrivaldate": "2034-08-14",
         "hscode": 950510,
         "volumeteu": 0.0,
         "weightkg": 8060,
         "generated_by": "herring",
         "dataset": "MC2",
         "source": "Uttar Pradesh s CJSC",
         "target": "Oc\u00e9ano de Coral Corporation Express"
      },
      {
         "arrivaldate": "2034-11-24",
         "hscode": 640419,
         "volumeteu": 0.0,
         "weightkg": 4960,
         "generated_by": "herring",
         "dataset": "MC2",
         "source": "Uttar Pradesh s CJSC",
         "target": "-1"
      },
      {
         "arrivaldate": "2034-08-04",
         "hscode": 611020,
         "valueofgoods_omu": 93015.0,
         "volumeteu": 0.0,
         "weightkg": 4920,
         "generated_by": "herring",
         "dataset": "MC2",
         "source": "Uttar Pradesh s CJSC",
         "target": "h\u01cei d\u01cen Corporation Wharf"
      },
      {
         "arrivaldate": "2034-11-19",
         "hscode": 570390,
         "valueofgoods_omu": 38025.0,
         "volumeteu": 0.0,
         "weightkg": 10530,
         "generated_by": "herring",
         "dataset": "MC2",
         "source": "Uttar Pradesh s CJSC",
         "target": "h\u01cei d\u01cen Corporation Wharf"
      },
      {
         "arrivaldate": "2034-11-17",
         "hscode": 610822,
         "valueofgoods_omu": 7805.0,
         "volumeteu": 0.0,
         "weightkg": 335,
         "generated_by": "herring",
         "dataset": "MC2",
         "source": "Uttar Pradesh s CJSC",
         "target": "Sea Breezes GmbH & Co. KG Shark"
      },
      {
         "arrivaldate": "2034-12-17",
         "hscode": 350300,
         "valueofgoods_omu": 25215.0,
         "volumeteu": 0.0,
         "weightkg": 19700,
         "generated_by": "herring",
         "dataset": "MC2",
         "source": "Kong zhong diao yu  Sp",
         "target": "sh\u00ed r\u00e9n y\u00fa Ltd. Corporation"
      },
      {
         "arrivaldate": "2034-04-27",
         "hscode": 841810,
         "volumeteu": 0.0,
         "weightkg": 3400,
         "generated_by": "herring",
         "dataset": "MC2",
         "source": "French Crab S.p.A. Worldwide",
         "target": "Meghalaya  Marine GmbH & Co. KG Import"
      },
      {
         "arrivaldate": "2034-10-03",
         "hscode": 842211,
         "volumeteu": 0.0,
         "weightkg": 9740,
         "generated_by": "herring",
         "dataset": "MC2",
         "source": "French Crab S.p.A. Worldwide",
         "target": "Saltwater Supreme \u041e\u0410\u041e Forwading"
      },
      {
         "arrivaldate": "2034-08-29",
         "hscode": 841810,
         "volumeteu": 0.0,
         "weightkg": 4390,
         "generated_by": "herring",
         "dataset": "MC2",
         "source": "French Crab S.p.A. Worldwide",
         "target": "Saltwater Supreme \u041e\u0410\u041e Forwading"
      },
      {
         "arrivaldate": "2034-11-04",
         "hscode": 841810,
         "volumeteu": 0.0,
         "weightkg": 4640,
         "generated_by": "herring",
         "dataset": "MC2",
         "source": "French Crab S.p.A. Worldwide",
         "target": "Saltwater Supreme \u041e\u0410\u041e Forwading"
      },
      {
         "arrivaldate": "2034-10-27",
         "hscode": 842211,
         "volumeteu": 0.0,
         "weightkg": 2740,
         "generated_by": "herring",
         "dataset": "MC2",
         "source": "French Crab S.p.A. Worldwide",
         "target": "Saltwater Supreme \u041e\u0410\u041e Forwading"
      },
      {
         "arrivaldate": "2034-10-24",
         "hscode": 842211,
         "volumeteu": 0.0,
         "weightkg": 11100,
         "generated_by": "herring",
         "dataset": "MC2",
         "source": "French Crab S.p.A. Worldwide",
         "target": "Saltwater Supreme \u041e\u0410\u041e Forwading"
      },
      {
         "arrivaldate": "2034-04-25",
         "hscode": 841810,
         "volumeteu": 0.0,
         "weightkg": 4140,
         "generated_by": "herring",
         "dataset": "MC2",
         "source": "French Crab S.p.A. Worldwide",
         "target": "Saltwater Supreme \u041e\u0410\u041e Forwading"
      },
      {
         "arrivaldate": "2034-09-12",
         "hscode": 841810,
         "volumeteu": 0.0,
         "weightkg": 4455,
         "generated_by": "herring",
         "dataset": "MC2",
         "source": "French Crab S.p.A. Worldwide",
         "target": "Saltwater Supreme \u041e\u0410\u041e Forwading"
      },
      {
         "arrivaldate": "2034-07-11",
         "hscode": 841810,
         "volumeteu": 0.0,
         "weightkg": 4495,
         "generated_by": "herring",
         "dataset": "MC2",
         "source": "French Crab S.p.A. Worldwide",
         "target": "Saltwater Supreme \u041e\u0410\u041e Forwading"
      },
      {
         "arrivaldate": "2034-01-23",
         "hscode": 841810,
         "volumeteu": 0.0,
         "weightkg": 8595,
         "generated_by": "herring",
         "dataset": "MC2",
         "source": "French Crab S.p.A. Worldwide",
         "target": "Saltwater Supreme \u041e\u0410\u041e Forwading"
      },
      {
         "arrivaldate": "2034-10-06",
         "hscode": 842211,
         "volumeteu": 0.0,
         "weightkg": 5610,
         "generated_by": "herring",
         "dataset": "MC2",
         "source": "French Crab S.p.A. Worldwide",
         "target": "Saltwater Supreme \u041e\u0410\u041e Forwading"
      },
      {
         "arrivaldate": "2034-10-31",
         "hscode": 841810,
         "volumeteu": 0.0,
         "weightkg": 7940,
         "generated_by": "herring",
         "dataset": "MC2",
         "source": "French Crab S.p.A. Worldwide",
         "target": "Nile Crocodile  Sailboat Sp Line"
      },
      {
         "arrivaldate": "2034-12-03",
         "hscode": 870422,
         "weightkg": 45695,
         "generated_by": "herring",
         "dataset": "MC2",
         "source": "Selous Game Reserve  A/S",
         "target": "Simien Mountains   Company Transport"
      },
      {
         "arrivaldate": "2034-12-25",
         "hscode": 903180,
         "valueofgoods_omu": 2638785.0,
         "volumeteu": 20.0,
         "weightkg": 252710,
         "generated_by": "herring",
         "dataset": "MC2",
         "source": "Selous Game Reserve  A/S",
         "target": "Coral Cove BV Delivery"
      },
      {
         "arrivaldate": "2034-03-04",
         "hscode": 870899,
         "volumeteu": 0.0,
         "weightkg": 3140,
         "generated_by": "herring",
         "dataset": "MC2",
         "source": "Selous Game Reserve  A/S",
         "target": "Pao gan SE Seal"
      },
      {
         "arrivaldate": "2034-12-11",
         "hscode": 401699,
         "volumeteu": 0.0,
         "weightkg": 725,
         "generated_by": "herring",
         "dataset": "MC2",
         "source": "Selous Game Reserve  A/S",
         "target": "Sea Breezes GmbH & Co. KG Shark"
      },
      {
         "arrivaldate": "2034-08-28",
         "hscode": 940169,
         "volumeteu": 0.0,
         "weightkg": 6475,
         "generated_by": "herring",
         "dataset": "MC2",
         "source": "xi\u01ceo l\u00f3ng xi\u0101 LC",
         "target": "Tamil  Nautilus CJSC Consulting"
      },
      {
         "arrivaldate": "2034-12-20",
         "hscode": 870870,
         "volumeteu": 0.0,
         "weightkg": 12855,
         "generated_by": "herring",
         "dataset": "MC2",
         "source": "xi\u01ceo l\u00f3ng xi\u0101 LC",
         "target": "TunaTreat Company Marine sanctuary"
      },
      {
         "arrivaldate": "2034-08-27",
         "hscode": 870899,
         "volumeteu": 5.0,
         "weightkg": 73425,
         "generated_by": "herring",
         "dataset": "MC2",
         "source": "Danish Shrimp Kga Solutions",
         "target": "0"
      },
      {
         "arrivaldate": "2034-04-30",
         "hscode": 870323,
         "weightkg": 1764340,
         "generated_by": "herring",
         "dataset": "MC2",
         "source": "Danish Shrimp Kga Solutions",
         "target": "Sailors and Surfers Incorporated Enterprises"
      },
      {
         "arrivaldate": "2034-12-09",
         "hscode": 870323,
         "weightkg": 3110105,
         "generated_by": "herring",
         "dataset": "MC2",
         "source": "Danish Shrimp Kga Solutions",
         "target": "Sailors and Surfers Incorporated Enterprises"
      },
      {
         "arrivaldate": "2034-10-22",
         "hscode": 350610,
         "valueofgoods_omu": 600.0,
         "volumeteu": 5.0,
         "weightkg": 175,
         "generated_by": "herring",
         "dataset": "MC2",
         "source": "Karnataka Sea  AG Export",
         "target": "Saltwater Sisters Incorporated Delivery"
      },
      {
         "arrivaldate": "2034-04-23",
         "hscode": 520852,
         "valueofgoods_omu": 82925.0,
         "volumeteu": 0.0,
         "weightkg": 5230,
         "generated_by": "herring",
         "dataset": "MC2",
         "source": "Mar de Cristalino Ges.m.b.H.",
         "target": "Marine Mates NV Worldwide"
      },
      {
         "arrivaldate": "2034-02-26",
         "hscode": 730719,
         "valueofgoods_omu": 39520.0,
         "volumeteu": 0.0,
         "weightkg": 16940,
         "generated_by": "herring",
         "dataset": "MC2",
         "source": "Andhra Pradesh   Limited Liability Company Tilapia",
         "target": "-2"
      },
      {
         "arrivaldate": "2034-01-18",
         "hscode": 20230,
         "volumeteu": 0.0,
         "weightkg": 24490,
         "generated_by": "herring",
         "dataset": "MC2",
         "source": "Mar del Caribe Sagl",
         "target": "h\u01cei d\u01cen Corporation Wharf"
      },
      {
         "arrivaldate": "2034-08-16",
         "hscode": 700991,
         "volumeteu": 0.0,
         "weightkg": 2170,
         "generated_by": "herring",
         "dataset": "MC2",
         "source": "Coastal Cruisers Pic Shipping",
         "target": "Brisa del Mar LC"
      },
      {
         "arrivaldate": "2034-10-14",
         "hscode": 640399,
         "volumeteu": 0.0,
         "weightkg": 4255,
         "generated_by": "herring",
         "dataset": "MC2",
         "source": "Coastal Cruisers Pic Shipping",
         "target": "-3"
      },
      {
         "arrivaldate": "2034-11-11",
         "hscode": 640399,
         "volumeteu": 5.0,
         "weightkg": 18700,
         "generated_by": "herring",
         "dataset": "MC2",
         "source": "Coastal Cruisers Pic Shipping",
         "target": "Black Sea Tuna Sagl"
      },
      {
         "arrivaldate": "2034-09-08",
         "hscode": 481890,
         "valueofgoods_omu": 7605.0,
         "volumeteu": 0.0,
         "weightkg": 3760,
         "generated_by": "herring",
         "dataset": "MC2",
         "source": "Coastal Cruisers Pic Shipping",
         "target": "h\u01cei d\u01cen Corporation Wharf"
      },
      {
         "arrivaldate": "2034-10-21",
         "hscode": 950691,
         "volumeteu": 5.0,
         "weightkg": 3365,
         "generated_by": "herring",
         "dataset": "MC2",
         "source": "Coastal Cruisers Pic Shipping",
         "target": "h\u01cei d\u01cen Corporation Wharf"
      },
      {
         "arrivaldate": "2034-09-24",
         "hscode": 640299,
         "volumeteu": 5.0,
         "weightkg": 11210,
         "generated_by": "herring",
         "dataset": "MC2",
         "source": "Coastal Cruisers Pic Shipping",
         "target": "h\u01cei d\u01cen Corporation Wharf"
      },
      {
         "arrivaldate": "2034-12-25",
         "hscode": 630312,
         "valueofgoods_omu": 24405.0,
         "volumeteu": 0.0,
         "weightkg": 4260,
         "generated_by": "herring",
         "dataset": "MC2",
         "source": "Coastal Cruisers Pic Shipping",
         "target": "Sailors and Surfers Incorporated Enterprises"
      },
      {
         "arrivaldate": "2034-10-09",
         "hscode": 850610,
         "volumeteu": 0.0,
         "weightkg": 4225,
         "generated_by": "herring",
         "dataset": "MC2",
         "source": "Coastal Cruisers Pic Shipping",
         "target": "Sailors and Surfers Incorporated Enterprises"
      },
      {
         "arrivaldate": "2034-04-08",
         "hscode": 300490,
         "valueofgoods_omu": 6505.0,
         "volumeteu": 0.0,
         "weightkg": 1650,
         "generated_by": "herring",
         "dataset": "MC2",
         "source": "Estrella de Mar Pic Distribution",
         "target": "Estrella de Mar Pic Distribution"
      },
      {
         "arrivaldate": "2034-07-29",
         "hscode": 450410,
         "volumeteu": 0.0,
         "weightkg": 3495,
         "generated_by": "herring",
         "dataset": "MC2",
         "source": "Nile Crocodile  Deep-sea Oyj Brothers",
         "target": "Surf's Up  Kga Shipping"
      },
      {
         "arrivaldate": "2034-07-22",
         "hscode": 450190,
         "valueofgoods_omu": 57555.0,
         "volumeteu": 0.0,
         "weightkg": 17805,
         "generated_by": "herring",
         "dataset": "MC2",
         "source": "Nile Crocodile  Deep-sea Oyj Brothers",
         "target": "Nile Crocodile  Deep-sea Oyj Brothers"
      },
      {
         "arrivaldate": "2034-04-26",
         "hscode": 401693,
         "volumeteu": 0.0,
         "weightkg": 260,
         "generated_by": "herring",
         "dataset": "MC2",
         "source": "Saltwater Solitude Marine biology",
         "target": "Ola Marina Company Line"
      },
      {
         "arrivaldate": "2034-06-10",
         "hscode": 220890,
         "volumeteu": 0.0,
         "weightkg": 19950,
         "generated_by": "herring",
         "dataset": "MC2",
         "source": "j\u012bng Coral LLC Carriers",
         "target": "Scottish Oysters Tsunami Sp Line"
      },
      {
         "arrivaldate": "2034-10-30",
         "hscode": 220300,
         "volumeteu": 5.0,
         "weightkg": 50080,
         "generated_by": "herring",
         "dataset": "MC2",
         "source": "j\u012bng Coral LLC Carriers",
         "target": "h\u01cei d\u01cen Corporation Wharf"
      },
      {
         "arrivaldate": "2034-11-18",
         "hscode": 220300,
         "volumeteu": 5.0,
         "weightkg": 72895,
         "generated_by": "herring",
         "dataset": "MC2",
         "source": "j\u012bng Coral LLC Carriers",
         "target": "h\u01cei d\u01cen Corporation Wharf"
      },
      {
         "arrivaldate": "2034-06-24",
         "hscode": 841830,
         "volumeteu": 5.0,
         "weightkg": 16595,
         "generated_by": "herring",
         "dataset": "MC2",
         "source": "Barents Sea  GmbH Cargo ",
         "target": "Ancla Azul Transportation Seafaring"
      },
      {
         "arrivaldate": "2034-02-14",
         "hscode": 20329,
         "valueofgoods_omu": 60705.0,
         "volumeteu": 0.0,
         "weightkg": 25720,
         "generated_by": "herring",
         "dataset": "MC2",
         "source": "Oceanic Oracle GmbH America",
         "target": "OceanSavor Seafoam Ltd. Liability Co Transit"
      },
      {
         "arrivaldate": "2034-08-11",
         "hscode": 30614,
         "valueofgoods_omu": 890845.0,
         "volumeteu": 5.0,
         "weightkg": 53315,
         "generated_by": "herring",
         "dataset": "MC2",
         "source": "Isla del Este Kga Tidepool",
         "target": "Kong zhong diao yu  Ges.m.b.H."
      },
      {
         "arrivaldate": "2034-07-30",
         "hscode": 110813,
         "valueofgoods_omu": 69360.0,
         "volumeteu": 0.0,
         "weightkg": 8600,
         "generated_by": "herring",
         "dataset": "MC2",
         "source": "Mar de Cristal CJSC",
         "target": "William Inc Marine sanctuary"
      },
      {
         "arrivaldate": "2034-01-30",
         "hscode": 190590,
         "valueofgoods_omu": 100045.0,
         "volumeteu": 0.0,
         "weightkg": 10425,
         "generated_by": "herring",
         "dataset": "MC2",
         "source": "West Bengal  SE Family",
         "target": "Bah\u00eda del Este SE"
      },
      {
         "arrivaldate": "2034-07-29",
         "hscode": 610990,
         "valueofgoods_omu": 459420.0,
         "volumeteu": 5.0,
         "weightkg": 42470,
         "generated_by": "herring",
         "dataset": "MC2",
         "source": "Ola de la Costa N.V.",
         "target": "Punjab Sea  CJSC Estuary"
      },
      {
         "arrivaldate": "2034-12-10",
         "hscode": 850760,
         "volumeteu": 15.0,
         "weightkg": 89830,
         "generated_by": "herring",
         "dataset": "MC2",
         "source": "Okavango River  NV Marine life",
         "target": "3 Seabreeze Corporation Marine ecology"
      },
      {
         "arrivaldate": "2034-03-08",
         "hscode": 482010,
         "volumeteu": 0.0,
         "weightkg": 840,
         "generated_by": "herring",
         "dataset": "MC2",
         "source": "x\u00fan y\u00fa S.A. de C.V.",
         "target": "Black Sea Tuna Snapper"
      },
      {
         "arrivaldate": "2034-06-10",
         "hscode": 200600,
         "valueofgoods_omu": 51000.0,
         "volumeteu": 0.0,
         "weightkg": 17100,
         "generated_by": "herring",
         "dataset": "MC2",
         "source": "Bu yu wang NV",
         "target": "Sailors and Surfers Incorporated Enterprises"
      },
      {
         "arrivaldate": "2034-12-19",
         "hscode": 200600,
         "valueofgoods_omu": 57020.0,
         "volumeteu": 0.0,
         "weightkg": 17850,
         "generated_by": "herring",
         "dataset": "MC2",
         "source": "Bu yu wang NV",
         "target": "Lake Chad  Company Ray"
      },
      {
         "arrivaldate": "2034-09-06",
         "hscode": 843149,
         "volumeteu": 0.0,
         "weightkg": 2710,
         "generated_by": "herring",
         "dataset": "MC2",
         "source": "Jammu & Kashmir  GmbH & Co. KG and Son's",
         "target": "Turkish Sword Investment Catfish"
      },
      {
         "arrivaldate": "2034-11-04",
         "hscode": 611020,
         "valueofgoods_omu": 38110.0,
         "volumeteu": 0.0,
         "weightkg": 800,
         "generated_by": "herring",
         "dataset": "MC2",
         "source": "Mar de la Felicidad NV Investment",
         "target": "Khundu Whale AG Cargo"
      },
      {
         "arrivaldate": "2034-08-08",
         "hscode": 732690,
         "volumeteu": 0.0,
         "weightkg": 15945,
         "generated_by": "herring",
         "dataset": "MC2",
         "source": "Playa de Arena Ltd",
         "target": "Chobe River   Distribution Pelican"
      },
      {
         "arrivaldate": "2034-08-04",
         "hscode": 870894,
         "volumeteu": 0.0,
         "weightkg": 195,
         "generated_by": "herring",
         "dataset": "MC2",
         "source": "Jharkhand  Ltd. Liability Co Worldwide",
         "target": "-4"
      },
      {
         "arrivaldate": "2034-02-25",
         "hscode": 870894,
         "volumeteu": 0.0,
         "weightkg": 7090,
         "generated_by": "herring",
         "dataset": "MC2",
         "source": "Whale Ltd. Liability Co",
         "target": "Oceanfront Oases Oyj Sea"
      },
      {
         "arrivaldate": "2034-07-25",
         "hscode": 721012,
         "valueofgoods_omu": 238065.0,
         "volumeteu": 10.0,
         "weightkg": 198550,
         "generated_by": "herring",
         "dataset": "MC2",
         "source": "Mar de Cristalino Beach",
         "target": "Marine Mates Cruise ship"
      },
      {
         "arrivaldate": "2034-09-02",
         "hscode": 30617,
         "valueofgoods_omu": 171150.0,
         "volumeteu": 0.0,
         "weightkg": 16995,
         "generated_by": "herring",
         "dataset": "MC2",
         "source": "Mar de la Vida S.p.A.",
         "target": "Costa de la Felicidad Shipping"
      },
      {
         "arrivaldate": "2034-12-17",
         "hscode": 870899,
         "volumeteu": 0.0,
         "weightkg": 2730,
         "generated_by": "herring",
         "dataset": "MC2",
         "source": "Madhya Pradesh   Ltd. Corporation",
         "target": "ReefRider GmbH & Co. KG"
      },
      {
         "arrivaldate": "2034-11-06",
         "hscode": 210390,
         "valueofgoods_omu": 20510.0,
         "volumeteu": 0.0,
         "weightkg": 4405,
         "generated_by": "herring",
         "dataset": "MC2",
         "source": "Costa de la Felicidad and Sagl Marine",
         "target": "Selous Game Reserve  S.A. de C.V."
      },
      {
         "arrivaldate": "2034-02-23",
         "hscode": 620462,
         "valueofgoods_omu": 83310.0,
         "volumeteu": 0.0,
         "weightkg": 7005,
         "generated_by": "herring",
         "dataset": "MC2",
         "source": "Barents Sea Cod CJSC Export",
         "target": "Coral Cove BV Delivery"
      },
      {
         "arrivaldate": "2034-11-26",
         "hscode": 630231,
         "valueofgoods_omu": 128100.0,
         "volumeteu": 0.0,
         "weightkg": 15475,
         "generated_by": "herring",
         "dataset": "MC2",
         "source": "Barents Sea Cod CJSC Export",
         "target": "Mar del Placer Limited Liability Company"
      },
      {
         "arrivaldate": "2034-10-17",
         "hscode": 851679,
         "volumeteu": 0.0,
         "weightkg": 1505,
         "generated_by": "herring",
         "dataset": "MC2",
         "source": "Barents Sea Cod CJSC Export",
         "target": "Tamil Nadu s Ltd. Corporation"
      },
      {
         "arrivaldate": "2034-07-21",
         "hscode": 392410,
         "volumeteu": 0.0,
         "weightkg": 14030,
         "generated_by": "herring",
         "dataset": "MC2",
         "source": "Maharashtra   Limited Liability Company",
         "target": "h\u01cei d\u01cen Corporation Wharf"
      },
      {
         "arrivaldate": "2034-11-10",
         "hscode": 392410,
         "volumeteu": 0.0,
         "weightkg": 8605,
         "generated_by": "herring",
         "dataset": "MC2",
         "source": "Maharashtra   Limited Liability Company",
         "target": "Sailors and Surfers Incorporated Enterprises"
      },
      {
         "arrivaldate": "2034-10-09",
         "hscode": 230910,
         "valueofgoods_omu": 888565.0,
         "volumeteu": 0.0,
         "weightkg": 22400,
         "generated_by": "herring",
         "dataset": "MC2",
         "source": "Marine Adventures Seabreeze AS Forwading",
         "target": "h\u01cei d\u01cen Corporation Wharf"
      },
      {
         "arrivaldate": "2034-07-27",
         "hscode": 851830,
         "volumeteu": 0.0,
         "weightkg": 25,
         "generated_by": "herring",
         "dataset": "MC2",
         "source": "Danish Lobster Kga Motorboat",
         "target": "-5"
      },
      {
         "arrivaldate": "2034-05-27",
         "hscode": 700721,
         "volumeteu": 0.0,
         "weightkg": 17080,
         "generated_by": "herring",
         "dataset": "MC2",
         "source": "Nile   S.A. de C.V.",
         "target": "Caracola del Sol Services"
      },
      {
         "arrivaldate": "2034-09-23",
         "hscode": 870899,
         "volumeteu": 0.0,
         "weightkg": 4585,
         "generated_by": "herring",
         "dataset": "MC2",
         "source": "Ianira Starfish Sagl Import",
         "target": "-6"
      },
      {
         "arrivaldate": "2034-07-06",
         "hscode": 870899,
         "volumeteu": 20.0,
         "weightkg": 237285,
         "generated_by": "herring",
         "dataset": "MC2",
         "source": "Ianira Starfish Sagl Import",
         "target": "Coral Cove BV Delivery"
      },
      {
         "arrivaldate": "2034-12-29",
         "hscode": 940540,
         "volumeteu": 15.0,
         "weightkg": 78220,
         "generated_by": "herring",
         "dataset": "MC2",
         "source": "b\u00e1i su\u014d w\u011bn l\u00fa Ltd Cargo",
         "target": "Coral Rojo Ltd. Liability Co Express"
      },
      {
         "arrivaldate": "2034-11-14",
         "hscode": 853950,
         "volumeteu": 0.0,
         "weightkg": 11830,
         "generated_by": "herring",
         "dataset": "MC2",
         "source": "b\u00e1i su\u014d w\u011bn l\u00fa Ltd Cargo",
         "target": "-8"
      },
      {
         "arrivaldate": "2034-05-06",
         "hscode": 940320,
         "volumeteu": 0.0,
         "weightkg": 3145,
         "generated_by": "herring",
         "dataset": "MC2",
         "source": "Mar de la Vida SRL",
         "target": "Drakensberg  S.A. de C.V. Marine ecology"
      },
      {
         "arrivaldate": "2034-10-07",
         "hscode": 160414,
         "valueofgoods_omu": 118030.0,
         "volumeteu": 0.0,
         "weightkg": 20815,
         "generated_by": "herring",
         "dataset": "MC2",
         "source": "Playa Azul S.A. de C.V.",
         "target": "Estrella del Sol Incorporated Aqua"
      },
      {
         "arrivaldate": "2034-08-10",
         "hscode": 961800,
         "volumeteu": 0.0,
         "weightkg": 1150,
         "generated_by": "herring",
         "dataset": "MC2",
         "source": "Namib Desert  Ltd. Corporation",
         "target": "Saltwater Supreme \u041e\u0410\u041e Forwading"
      },
      {
         "arrivaldate": "2034-08-31",
         "hscode": 71080,
         "valueofgoods_omu": 17605.0,
         "volumeteu": 0.0,
         "weightkg": 16395,
         "generated_by": "herring",
         "dataset": "MC2",
         "source": "Yu xian  Ltd. Liability Co Freight ",
         "target": "Mar del Este CJSC"
      },
      {
         "arrivaldate": "2034-08-17",
         "hscode": 71080,
         "valueofgoods_omu": 22315.0,
         "volumeteu": 0.0,
         "weightkg": 21020,
         "generated_by": "herring",
         "dataset": "MC2",
         "source": "Yu xian  Ltd. Liability Co Freight ",
         "target": "Mar del Este CJSC"
      },
      {
         "arrivaldate": "2034-07-29",
         "hscode": 950300,
         "valueofgoods_omu": 309240.0,
         "volumeteu": 5.0,
         "weightkg": 19960,
         "generated_by": "herring",
         "dataset": "MC2",
         "source": "Zale Limited Liability Company",
         "target": "-7"
      },
      {
         "arrivaldate": "2034-12-01",
         "hscode": 160414,
         "valueofgoods_omu": 98805.0,
         "volumeteu": 0.0,
         "weightkg": 18945,
         "generated_by": "herring",
         "dataset": "MC2",
         "source": "Kong zhong diao yu  Oyj",
         "target": "Saltwater Supreme Pelican Ltd Enterprises"
      },
      {
         "arrivaldate": "2034-08-21",
         "hscode": 40590,
         "valueofgoods_omu": 741470.0,
         "volumeteu": 5.0,
         "weightkg": 149845,
         "generated_by": "herring",
         "dataset": "MC2",
         "source": "Chhattisgarh  GmbH & Co. KG Brothers",
         "target": "Costa de la Felicidad Shipping"
      },
      {
         "arrivaldate": "2034-01-21",
         "hscode": 350110,
         "valueofgoods_omu": 896555.0,
         "volumeteu": 10.0,
         "weightkg": 177160,
         "generated_by": "herring",
         "dataset": "MC2",
         "source": "Chhattisgarh  GmbH & Co. KG Brothers",
         "target": "David Ltd. Liability Co Forwading"
      },
      {
         "arrivaldate": "2034-07-13",
         "hscode": 81110,
         "valueofgoods_omu": 46110.0,
         "volumeteu": 0.0,
         "weightkg": 23975,
         "generated_by": "herring",
         "dataset": "MC2",
         "source": "Ola Azul Ges.m.b.H. Services",
         "target": "Playa de Coral Distribution Marine sanctuary"
      },
      {
         "arrivaldate": "2034-09-21",
         "hscode": 70410,
         "valueofgoods_omu": 50725.0,
         "volumeteu": 0.0,
         "weightkg": 16390,
         "generated_by": "herring",
         "dataset": "MC2",
         "source": "Ola Azul Ges.m.b.H. Services",
         "target": "Mar del Este CJSC"
      },
      {
         "arrivaldate": "2034-11-25",
         "hscode": 30461,
         "valueofgoods_omu": 51740.0,
         "volumeteu": 0.0,
         "weightkg": 24045,
         "generated_by": "herring",
         "dataset": "MC2",
         "source": "Belgian Scallop Harbor \u041e\u0410\u041e Freight ",
         "target": "Selous Game Reserve  S.A. de C.V."
      },
      {
         "arrivaldate": "2034-05-20",
         "hscode": 71090,
         "valueofgoods_omu": 52350.0,
         "volumeteu": 0.0,
         "weightkg": 21580,
         "generated_by": "herring",
         "dataset": "MC2",
         "source": "Saltwater Serenity Inc Caviar",
         "target": "Caracola del Sol Services"
      },
      {
         "arrivaldate": "2034-08-30",
         "hscode": 630492,
         "valueofgoods_omu": 29705.0,
         "volumeteu": 0.0,
         "weightkg": 3295,
         "generated_by": "herring",
         "dataset": "MC2",
         "source": "Tide Turners Ltd Transport",
         "target": "N\u00e1utica del Norte LC"
      },
      {
         "arrivaldate": "2034-08-27",
         "hscode": 390230,
         "valueofgoods_omu": 3805.0,
         "volumeteu": 0.0,
         "weightkg": 1610,
         "generated_by": "herring",
         "dataset": "MC2",
         "source": "Chhattisgarh  A/S & Son's",
         "target": "Chhattisgarh  A/S & Son's"
      },
      {
         "arrivaldate": "2034-08-02",
         "hscode": 392690,
         "volumeteu": 0.0,
         "weightkg": 3510,
         "generated_by": "herring",
         "dataset": "MC2",
         "source": "The Salty Dog Logistics Leska",
         "target": "Sea Breezes GmbH & Co. KG Shark"
      },
      {
         "arrivaldate": "2034-12-22",
         "hscode": 392690,
         "volumeteu": 5.0,
         "weightkg": 19895,
         "generated_by": "herring",
         "dataset": "MC2",
         "source": "The Salty Dog Logistics Leska",
         "target": "Sea Breezes GmbH & Co. KG Shark"
      },
      {
         "arrivaldate": "2034-12-13",
         "hscode": 71080,
         "valueofgoods_omu": 30820.0,
         "volumeteu": 0.0,
         "weightkg": 23190,
         "generated_by": "herring",
         "dataset": "MC2",
         "source": "SeaSelect Foods Oyj Transport",
         "target": "Mar del Este CJSC"
      },
      {
         "arrivaldate": "2034-11-19",
         "hscode": 80830,
         "valueofgoods_omu": 19515.0,
         "volumeteu": 0.0,
         "weightkg": 20860,
         "generated_by": "herring",
         "dataset": "MC2",
         "source": "Seaside Sojourns Creek N.V. Transit",
         "target": "Fisherman's Best Inc Marine"
      },
      {
         "arrivaldate": "2034-12-25",
         "hscode": 841810,
         "volumeteu": 0.0,
         "weightkg": 4160,
         "generated_by": "herring",
         "dataset": "MC2",
         "source": "Estrella del Mar Logistics Charter Boat ",
         "target": "Mar de Estrellas N.V."
      },
      {
         "arrivaldate": "2034-07-04",
         "hscode": 870880,
         "volumeteu": 5.0,
         "weightkg": 45515,
         "generated_by": "herring",
         "dataset": "MC2",
         "source": "N\u00e1utica del Sol A/S",
         "target": "Coral del Sur Ltd. Corporation Investment"
      },
      {
         "arrivaldate": "2034-12-04",
         "hscode": 842839,
         "volumeteu": 0.0,
         "weightkg": 6095,
         "generated_by": "herring",
         "dataset": "MC2",
         "source": "Southeast S.A. de C.V.",
         "target": "Yu xian  SRL Industrial"
      },
      {
         "arrivaldate": "2034-11-20",
         "hscode": 400270,
         "valueofgoods_omu": 5905.0,
         "volumeteu": 0.0,
         "weightkg": 1540,
         "generated_by": "herring",
         "dataset": "MC2",
         "source": "Lake Tana  N.V. Enterprises",
         "target": "-9"
      },
      {
         "arrivaldate": "2034-10-28",
         "hscode": 940350,
         "volumeteu": 0.0,
         "weightkg": 24010,
         "generated_by": "herring",
         "dataset": "MC2",
         "source": "Turkish Salmon A/S Marine",
         "target": "Kong zhong diao yu  Ges.m.b.H."
      },
      {
         "arrivaldate": "2034-08-15",
         "hscode": 70320,
         "volumeteu": 0.0,
         "weightkg": 26265,
         "generated_by": "herring",
         "dataset": "MC2",
         "source": "Turkish Salmon A/S Marine",
         "target": "Mar del Este CJSC"
      },
      {
         "arrivaldate": "2034-12-22",
         "hscode": 30617,
         "valueofgoods_omu": 251115.0,
         "volumeteu": 0.0,
         "weightkg": 27785,
         "generated_by": "herring",
         "dataset": "MC2",
         "source": "Turkish Salmon A/S Marine",
         "target": "Mar del Para\u00edso Corporation Logistics"
      },
      {
         "arrivaldate": "2034-12-27",
         "hscode": 732690,
         "volumeteu": 0.0,
         "weightkg": 3260,
         "generated_by": "herring",
         "dataset": "MC2",
         "source": "Bah\u00eda Azul Ltd Holdings",
         "target": "Yu xian  SRL Industrial"
      },
      {
         "arrivaldate": "2034-12-25",
         "hscode": 820239,
         "volumeteu": 0.0,
         "weightkg": 295,
         "generated_by": "herring",
         "dataset": "MC2",
         "source": "Zambezi Valley  Marine biology",
         "target": "h\u01cei d\u01cen Corporation Wharf"
      },
      {
         "arrivaldate": "2034-09-08",
         "hscode": 381400,
         "valueofgoods_omu": 53220.0,
         "volumeteu": 0.0,
         "weightkg": 13415,
         "generated_by": "herring",
         "dataset": "MC2",
         "source": "Himachal Pradesh   Limited Liability Company",
         "target": "-10"
      },
      {
         "arrivaldate": "2034-03-30",
         "hscode": 160414,
         "valueofgoods_omu": 995980.0,
         "volumeteu": 10.0,
         "weightkg": 187975,
         "generated_by": "herring",
         "dataset": "MC2",
         "source": "Playa del Tesoro OJSC",
         "target": "Fresh Wharf SRL Consulting"
      },
      {
         "arrivaldate": "2034-04-30",
         "hscode": 160414,
         "valueofgoods_omu": 310285.0,
         "volumeteu": 5.0,
         "weightkg": 58110,
         "generated_by": "herring",
         "dataset": "MC2",
         "source": "Playa del Tesoro OJSC",
         "target": "Fresh Wharf SRL Consulting"
      },
      {
         "arrivaldate": "2034-11-30",
         "hscode": 30481,
         "valueofgoods_omu": 94285.0,
         "volumeteu": 0.0,
         "weightkg": 16275,
         "generated_by": "herring",
         "dataset": "MC2",
         "source": "David Limited Liability Company Worldwide",
         "target": "Saltwater Sisters AS Marine life"
      },
      {
         "arrivaldate": "2034-02-15",
         "hscode": 871420,
         "valueofgoods_omu": 6105.0,
         "volumeteu": 0.0,
         "weightkg": 540,
         "generated_by": "herring",
         "dataset": "MC2",
         "source": "Bu yu wang Corporation Marine conservation",
         "target": "Uttar Pradesh s Oyj"
      },
      {
         "arrivaldate": "2034-05-02",
         "hscode": 200899,
         "valueofgoods_omu": 40305.0,
         "volumeteu": 0.0,
         "weightkg": 17360,
         "generated_by": "herring",
         "dataset": "MC2",
         "source": "Anthony Limited Liability Company",
         "target": "Assam  Market N.V. Transit"
      },
      {
         "arrivaldate": "2034-12-13",
         "hscode": 100630,
         "valueofgoods_omu": 42730.0,
         "volumeteu": 0.0,
         "weightkg": 14900,
         "generated_by": "herring",
         "dataset": "MC2",
         "source": "Caracola del Este Plc United",
         "target": "Saltwater Supreme \u041e\u0410\u041e Forwading"
      },
      {
         "arrivaldate": "2034-05-13",
         "hscode": 30461,
         "valueofgoods_omu": 59430.0,
         "volumeteu": 0.0,
         "weightkg": 17670,
         "generated_by": "herring",
         "dataset": "MC2",
         "source": "Icelandic Oysters S.A. de C.V. Lighthouse",
         "target": "Orange River   Incorporated Shipping"
      },
      {
         "arrivaldate": "2034-07-18",
         "hscode": 844859,
         "volumeteu": 0.0,
         "weightkg": 2475,
         "generated_by": "herring",
         "dataset": "MC2",
         "source": "Mar del Oeste SE Logistics",
         "target": "l\u00fa y\u00fa GmbH & Co. KG"
      },
      {
         "arrivaldate": "2034-11-05",
         "hscode": 847989,
         "volumeteu": 0.0,
         "weightkg": 5655,
         "generated_by": "herring",
         "dataset": "MC2",
         "source": "Lake Victoria Catch  SE",
         "target": "Isla Azul GmbH & Co. KG"
      },
      {
         "arrivaldate": "2034-01-30",
         "hscode": 721049,
         "valueofgoods_omu": 137090.0,
         "weightkg": 133210,
         "generated_by": "herring",
         "dataset": "MC2",
         "source": "xi\u01ceo l\u00f3ng xi\u0101 GmbH",
         "target": "Olas del Mar Worldwide"
      },
      {
         "arrivaldate": "2034-09-11",
         "hscode": 392330,
         "volumeteu": 0.0,
         "weightkg": 7680,
         "generated_by": "herring",
         "dataset": "MC2",
         "source": "Rajasthan  Market CJSC Tide",
         "target": "Pao gan SE Seal"
      },
      {
         "arrivaldate": "2034-12-15",
         "hscode": 490300,
         "volumeteu": 0.0,
         "weightkg": 17430,
         "generated_by": "herring",
         "dataset": "MC2",
         "source": "Estrella de Mar Consultants -",
         "target": "-11"
      },
      {
         "arrivaldate": "2034-12-23",
         "hscode": 490300,
         "volumeteu": 0.0,
         "weightkg": 19245,
         "generated_by": "herring",
         "dataset": "MC2",
         "source": "Estrella de Mar Consultants -",
         "target": "Caracola Azul Oyj &"
      },
      {
         "arrivaldate": "2034-07-02",
         "hscode": 848340,
         "volumeteu": 0.0,
         "weightkg": 2250,
         "generated_by": "herring",
         "dataset": "MC2",
         "source": "Jammu Ltd. Liability Co",
         "target": "Meghalaya  Ltd. Liability Co Marine conservation"
      },
      {
         "arrivaldate": "2034-11-04",
         "hscode": 950300,
         "volumeteu": 0.0,
         "weightkg": 4170,
         "generated_by": "herring",
         "dataset": "MC2",
         "source": "Jammu Ltd. Liability Co",
         "target": "Balkan Trout AB Cargo"
      },
      {
         "arrivaldate": "2034-10-24",
         "hscode": 630392,
         "valueofgoods_omu": 30315.0,
         "volumeteu": 0.0,
         "weightkg": 5735,
         "generated_by": "herring",
         "dataset": "MC2",
         "source": "Maharashtra ers Incorporated Express",
         "target": "Mar de Cristalino Manatee NV Express"
      },
      {
         "arrivaldate": "2034-06-09",
         "hscode": 940360,
         "volumeteu": 0.0,
         "weightkg": 5300,
         "generated_by": "herring",
         "dataset": "MC2",
         "source": "Ancla del Este Plc Industrial",
         "target": "Fisherman's Pride Hull Ges.m.b.H. United"
      },
      {
         "arrivaldate": "2034-12-09",
         "hscode": 850720,
         "valueofgoods_omu": 47335.0,
         "volumeteu": 0.0,
         "weightkg": 18295,
         "generated_by": "herring",
         "dataset": "MC2",
         "source": "Turkish Calamari AB Marine conservation",
         "target": "h\u01cei d\u01cen Corporation Wharf"
      },
      {
         "arrivaldate": "2034-07-13",
         "hscode": 852341,
         "volumeteu": 0.0,
         "weightkg": 7900,
         "generated_by": "herring",
         "dataset": "MC2",
         "source": "Cameroon Estuary  Co Investment",
         "target": "h\u01cei d\u01cen Corporation Wharf"
      },
      {
         "arrivaldate": "2034-10-05",
         "hscode": 950300,
         "volumeteu": 0.0,
         "weightkg": 7400,
         "generated_by": "herring",
         "dataset": "MC2",
         "source": "Atlantic Ocean Coast  _ Ges.m.b.H. Express",
         "target": "SilverStream CJSC Marine conservation"
      },
      {
         "arrivaldate": "2034-05-12",
         "hscode": 391000,
         "valueofgoods_omu": 340.0,
         "weightkg": 45,
         "generated_by": "herring",
         "dataset": "MC2",
         "source": "Oceanic Explorers Sashimi Inc Solutions",
         "target": "Oceanic Explorers Sashimi Inc Solutions"
      },
      {
         "arrivaldate": "2034-11-01",
         "hscode": 761699,
         "weightkg": 35,
         "generated_by": "herring",
         "dataset": "MC2",
         "source": "Oceanic Explorers Sashimi Inc Solutions",
         "target": "Oceanic Explorers Sashimi Inc Solutions"
      },
      {
         "arrivaldate": "2034-04-22",
         "hscode": 950300,
         "volumeteu": 0.0,
         "weightkg": 20610,
         "generated_by": "herring",
         "dataset": "MC2",
         "source": "Delhi ers Ltd. Liability Co",
         "target": "xi\u01ceo l\u00f3ng xi\u0101 Kga"
      },
      {
         "arrivaldate": "2034-08-08",
         "hscode": 30471,
         "valueofgoods_omu": 41405.0,
         "volumeteu": 0.0,
         "weightkg": 5205,
         "generated_by": "herring",
         "dataset": "MC2",
         "source": "Marine Masterminds Kga Line",
         "target": "Belgian Cod BV Solutions"
      },
      {
         "arrivaldate": "2034-05-05",
         "hscode": 732690,
         "volumeteu": 0.0,
         "weightkg": 20000,
         "generated_by": "herring",
         "dataset": "MC2",
         "source": "Paul AG Marine biology",
         "target": "Zambezi River   GmbH Marine"
      },
      {
         "arrivaldate": "2034-12-15",
         "hscode": 620462,
         "valueofgoods_omu": 51140.0,
         "volumeteu": 0.0,
         "weightkg": 5315,
         "generated_by": "herring",
         "dataset": "MC2",
         "source": "Beach Breakers Ltd Import",
         "target": "Jammu & Kashmir Sea  AS Marine"
      },
      {
         "arrivaldate": "2034-10-19",
         "hscode": 160414,
         "valueofgoods_omu": 95905.0,
         "volumeteu": 0.0,
         "weightkg": 19665,
         "generated_by": "herring",
         "dataset": "MC2",
         "source": "Dolphin Dreams Corp Tidal",
         "target": "Estrella del Mar Tilapia Oyj Marine"
      },
      {
         "arrivaldate": "2034-09-08",
         "hscode": 870790,
         "volumeteu": 5.0,
         "weightkg": 12640,
         "generated_by": "herring",
         "dataset": "MC2",
         "source": "Ocean Explorers Seagrass Sp Logistics",
         "target": "Ocean Explorers Seagrass Sp Logistics"
      },
      {
         "arrivaldate": "2034-07-12",
         "hscode": 160413,
         "valueofgoods_omu": 56130.0,
         "volumeteu": 0.0,
         "weightkg": 21555,
         "generated_by": "herring",
         "dataset": "MC2",
         "source": "Zambezi Delta  Limited Liability Company",
         "target": "Saltwater Supreme Pelican Ltd Enterprises"
      },
      {
         "arrivaldate": "2034-10-23",
         "hscode": 30749,
         "valueofgoods_omu": 102040.0,
         "volumeteu": 0.0,
         "weightkg": 24185,
         "generated_by": "herring",
         "dataset": "MC2",
         "source": "Surf's Up s Sp",
         "target": "Madagascar Coast  AG Freight "
      },
      {
         "arrivaldate": "2034-12-30",
         "hscode": 900311,
         "volumeteu": 0.0,
         "weightkg": 505,
         "generated_by": "herring",
         "dataset": "MC2",
         "source": "m\u00e1n y\u00fa AB International",
         "target": "h\u01cei d\u01cen Corporation Wharf"
      },
      {
         "arrivaldate": "2034-07-14",
         "hscode": 30617,
         "valueofgoods_omu": 200130.0,
         "volumeteu": 0.0,
         "weightkg": 17225,
         "generated_by": "herring",
         "dataset": "MC2",
         "source": "Wave Watchers Ltd. Liability Co",
         "target": "Mar del Este CJSC"
      },
      {
         "arrivaldate": "2034-12-25",
         "hscode": 580410,
         "valueofgoods_omu": 58935.0,
         "volumeteu": 0.0,
         "weightkg": 4560,
         "generated_by": "herring",
         "dataset": "MC2",
         "source": "Icelandic  Limited Liability Company",
         "target": "Pao gan LC Freight "
      },
      {
         "arrivaldate": "2034-09-02",
         "hscode": 610892,
         "valueofgoods_omu": 60535.0,
         "volumeteu": 0.0,
         "weightkg": 5825,
         "generated_by": "herring",
         "dataset": "MC2",
         "source": "Green Valley Sp Current",
         "target": "Caracola del Sol Services"
      },
      {
         "arrivaldate": "2034-02-05",
         "hscode": 630232,
         "valueofgoods_omu": 93590.0,
         "volumeteu": 0.0,
         "weightkg": 17915,
         "generated_by": "herring",
         "dataset": "MC2",
         "source": "Madagascar   Ltd. Corporation Express",
         "target": "-12"
      },
      {
         "arrivaldate": "2034-12-05",
         "hscode": 392690,
         "volumeteu": 0.0,
         "weightkg": 5375,
         "generated_by": "herring",
         "dataset": "MC2",
         "source": "Ocean Outfitters Limited Liability Company Distribution",
         "target": "Sea Breezes GmbH & Co. KG Shark"
      },
      {
         "arrivaldate": "2034-03-13",
         "hscode": 350610,
         "valueofgoods_omu": 272115.0,
         "volumeteu": 0.0,
         "weightkg": 5015,
         "generated_by": "herring",
         "dataset": "MC2",
         "source": "Telangana  Wakame CJSC United",
         "target": "Estrella de Coral AG Worldwide"
      },
      {
         "arrivaldate": "2034-12-10",
         "hscode": 30311,
         "valueofgoods_omu": 609385.0,
         "volumeteu": 5.0,
         "weightkg": 62395,
         "generated_by": "herring",
         "dataset": "MC2",
         "source": "Logistics Ltd. Liability Co",
         "target": "h\u01cei d\u01cen Corporation Wharf"
      },
      {
         "arrivaldate": "2034-12-13",
         "hscode": 391990,
         "volumeteu": 0.0,
         "weightkg": 1500,
         "generated_by": "herring",
         "dataset": "MC2",
         "source": "Beach Breakers Ltd. Corporation Marine conservation",
         "target": "Mar de Estrellas GmbH & Co. KG"
      },
      {
         "arrivaldate": "2034-07-28",
         "hscode": 961900,
         "volumeteu": 5.0,
         "weightkg": 19230,
         "generated_by": "herring",
         "dataset": "MC2",
         "source": "Mar Azul Ltd. Liability Co",
         "target": "Angrapa Ltd. Liability Co Export"
      },
      {
         "arrivaldate": "2034-10-05",
         "hscode": 200979,
         "volumeteu": 10.0,
         "weightkg": 125025,
         "generated_by": "herring",
         "dataset": "MC2",
         "source": "Faroe Islands Halibut Cargo Canal",
         "target": "Sailors and Surfers Incorporated Enterprises"
      },
      {
         "arrivaldate": "2034-07-01",
         "hscode": 160540,
         "valueofgoods_omu": 98830.0,
         "volumeteu": 0.0,
         "weightkg": 19810,
         "generated_by": "herring",
         "dataset": "MC2",
         "source": "LLC S.A. de C.V.",
         "target": "h\u01cei d\u01cen Corporation Wharf"
      }
   ]
}